[{"id":"1741023735795","fullName":"Parul Chauhan","email":"pc314005@gmail.com","password":"Qwerty@123","createdAt":"2025-03-03T17:42:15.795Z"},{"id":"1741024624913","fullName":"Parul","email":"parulchauhan1357@gmail.com","password":"Qwerty@123","createdAt":"2025-03-03T17:57:04.913Z"},{"id":"1741024879116","fullName":"shreya singh","email":"shreya1606.be23@chitkarauniversity.edu.in","password":"Qwerty@123","createdAt":"2025-03-03T18:01:19.116Z"},{"id":"1741026359445","fullName":"Shreya","email":"shreyabachan27@gmail.com","password":"Qwerty@123","createdAt":"2025-03-03T18:25:59.445Z"},{"id":"1741027102541","fullName":"Shreya","email":"amitbachan28@gmail.com","password":"Shreya@123","createdAt":"2025-03-03T18:38:22.541Z"},{"id":"1741061783194","fullName":"vanshika","email":"vanshikabansal3107@gmail.com","password":"vanshika","createdAt":"2025-03-04T04:16:23.195Z"},{"id":"1741077666405","fullName":"vanshika","email":"vanshikasahore9625@gmail.com","password":"vanshika","createdAt":"2025-03-04T08:41:06.406Z"},{"id":"1744536746645","fullName":"Avinash singh","email":"avinashraj415@gmail.com","password":"Avinash@28","createdAt":"2025-04-13T09:32:26.645Z"},{"id":"1744536824705","fullName":"Avinash singh","email":"avinash415raj@gmail.com","password":"Avinash@27","createdAt":"2025-04-13T09:33:44.705Z"},{"id":"1745142074974","fullName":"AMITABH BACHAN","email":"shreyamiss276@gmail.com","password":"Shreya@123","createdAt":"2025-04-20T09:41:14.974Z"},{"id":"1745152005990","fullName":"GAURI","email":"gouriagarwal15@gmail.com","password":"Shreya@123","createdAt":"2025-04-20T12:26:45.991Z"},{"id":"1746607218111","fullName":"vanshika","email":"vanshika1575.be23@chitkarauniversity.edu.in","password":"Shreya@27","createdAt":"2025-05-07T08:40:18.111Z"}]